{
  "x_norm_mu": [
    99.2312240600586,
    158.0410614013672,
    6.722966194152832,
    81.32445526123047
  ],
  "x_norm_sigma": [
    7.3167405128479,
    14.125933647155762,
    0.8340728878974915,
    8.113592147827148
  ],
  "x_feat_mu": [
    0.18763583898544312,
    0.11238759011030197,
    -0.0648876205086708,
    -0.0845552608370781,
    0.0005718300235457718,
    0.01757078617811203,
    0.005506767891347408,
    0.05794912576675415,
    0.017102157697081566,
    -6.8632693910331e-06
  ],
  "x_feat_sigma": [
    1.0601404905319214,
    0.9767640233039856,
    0.9803442358970642,
    1.005631923675537,
    0.0027001460548490286,
    0.0068371049128472805,
    0.006601410917937756,
    0.018405117094516754,
    0.020034069195389748,
    0.022475823760032654
  ],
  "y_mu": 8.663426706334576e-05,
  "y_sigma": 0.28007686138153076,
  "feat_names": [
    "HR_n",
    "RR_n",
    "CO2_n",
    "Other_n",
    "Y_bp_energy_HR",
    "Y_bp_envelope_HR",
    "Y_bp_energy_RR",
    "Y_bp_envelope_RR",
    "Y_bp_energy_Trend",
    "Y_bp_cardiac_raw"
  ],
  "calibration": {
    "type": "affine",
    "a": 1.0314916230154278,
    "b": -0.0036896467208862305
  }
}