{
  "x_norm_mu": [
    99.2312240600586,
    158.0410614013672,
    6.722966194152832,
    81.32445526123047
  ],
  "x_norm_sigma": [
    7.3167405128479,
    14.125933647155762,
    0.8340728878974915,
    8.113592147827148
  ]
}
